time,highest_temp_city,highest_temp,lowest_temp_city,lowest_temp,avg_temp
,Doha,43.9,Wellington,9.6,24.1
,Doha,43.9,Wellington,9.6,24.1
,Doha,43.9,Wellington,9.6,24.1
,Doha,43.9,Wellington,9.6,24.11
,Doha,43.9,Wellington,9.6,24.11
,Doha,43.9,Wellington,9.6,24.11
,Riyadh,40.9,Wellington,9.1,23.98
,Riyadh,40.9,Wellington,9.1,23.98
,Riyadh,40.9,Wellington,9.1,23.98
,Riyadh,40.9,Wellington,9.1,23.98
,Phoenix,32.5,Seattle,15.3,26.57
,Toronto,22.3,Edmonton,13.2,17.53
,Fortaleza,30.1,Curitiba,19.0,25.76
,Cancún,31.6,Mexico City,16.6,24.18
,Cambridge,19.9,Edinburgh,15.5,17.74
,Marseille,25.8,Paris,21.0,23.17
,Düsseldorf,21.7,Hamburg,17.9,19.76
,Naples,29.6,Venice,17.7,23.34
,Basel,21.4,Bern,16.8,19.18
,Lisbon,28.2,Porto,22.9,25.33
,Kraków,19.3,Gdańsk,17.4,18.16
,Brno,19.3,Ostrava,17.9,18.57
,Malmö,17.7,Stockholm,13.8,15.93
,Moscow,23.4,Saint Petersburg,14.7,19.68
,Ahmedabad,32.3,Pune,23.7,27.72
,Ahmedabad,32.3,Pune,23.7,27.72
,Riyadh,40.5,Melbourne,8.7,23.81
,Riyadh,40.5,Melbourne,8.7,23.81
